Price,Area,Location,No. of Bedrooms,New/Resale,Gymnasium,Lift Available,Car Parking,Maintenance Staff,24x7 Security,Children's Play Area,Clubhouse,Intercom,Landscaped Gardens,Indoor Games,Gas Connection,Jogging Track,Swimming Pool
2018000,375,Dombivali,1,1,0,0,0,0,1,0,0,0,0,0,0,0,0
106000000,2826,Worli,3,0,0,1,1,0,1,0,0,0,1,0,0,0,1
5700000,516,Thane,1,1,1,0,0,0,0,0,0,0,0,0,0,0,0
2100000,495,Thane,1,1,0,1,1,0,1,0,0,0,0,0,0,0,0
3600000,575,Kalyan,1,1,0,1,0,0,0,0,0,0,0,0,0,0,1
3985000,670,Kalyan,1,1,0,1,1,1,1,1,0,1,1,1,0,1,1
18000000,1462,Ghatkopar,3,1,1,1,1,1,1,1,1,1,1,1,0,1,1
8500000,676,Ghatkopar,1,1,1,1,1,1,1,1,1,1,1,1,0,1,1
125000000,2904,Worli,4,1,1,1,1,1,1,1,1,1,1,1,1,1,1
2035000,574,Asangaon,1,0,1,1,1,0,1,1,1,1,1,1,0,0,1
8500000,507,Thane,1,0,0,0,0,0,0,0,0,0,0,0,0,0,0
6600000,550,Thane,2,0,1,1,1,1,1,0,1,0,0,0,0,0,0
6900000,565,Thane,2,0,1,1,1,1,1,0,1,0,0,0,0,0,0
6800000,547,Thane,2,0,1,1,1,1,1,0,1,0,0,0,0,0,0
6700000,556,Thane,2,0,1,1,1,1,1,0,1,0,0,0,0,0,0
3000000,950,Thane,2,0,1,1,1,1,1,0,1,0,0,0,0,0,0
4500000,600,Thane,2,0,1,1,1,1,1,0,1,0,0,0,0,0,0
5300000,600,Thane,2,0,1,1,1,1,1,0,1,0,0,0,0,0,0
3000000,600,Thane,1,0,1,1,1,1,1,0,1,0,0,0,0,0,0
4500000,800,Thane,2,0,1,1,1,1,1,0,1,0,0,0,0,0,0
5300000,275,Thane,1,0,1,1,1,1,1,0,1,0,0,0,0,0,0
3000000,275,Thane,1,0,1,1,1,1,1,0,1,0,0,0,0,0,0
2000000,275,Thane,1,0,1,1,1,1,1,0,1,0,0,0,0,0,0
4500000,1065,Thane,2,0,1,1,1,1,1,0,1,0,0,0,0,0,0
8500000,275,Thane,1,0,1,1,1,1,1,0,1,0,0,0,0,0,0
3000000,530,Thane,1,0,1,1,1,1,1,0,1,0,0,0,0,0,0
3500000,900,Thane,2,1,1,1,1,1,1,1,1,1,1,1,1,1,1
120000000,3600,Worli,4,0,1,1,1,0,1,0,1,1,1,0,0,1,1
19500000,800,Worli,1,0,0,1,1,1,1,0,0,0,0,0,0,0,0
45000000,1100,Worli,2,0,0,1,1,1,1,0,0,0,0,0,0,0,0
400000000,3638,Worli,4,0,0,1,1,1,1,0,0,0,0,0,0,0,0
70000000,1700,Worli,3,0,0,1,1,1,1,0,0,0,0,0,0,0,0
85000000,2000,Worli,3,0,0,1,1,1,1,0,0,0,0,0,0,0,0
29000000,1350,Ghatkopar,3,0,1,1,1,1,1,0,1,0,1,0,1,0,0
8500000,1225,Andheri,3,0,1,1,1,1,1,0,1,0,1,0,0,0,1
18000000,1100,Andheri,2,0,1,1,1,1,1,0,1,0,1,0,0,0,1
14000000,1000,Andheri,2,0,1,1,1,1,1,0,1,0,1,0,0,0,1
30000000,1480,Andheri,3,0,0,1,1,1,1,0,1,0,1,0,0,0,0
17500000,650,Andheri,1,0,1,1,1,1,1,0,0,0,0,0,0,0,0
50000000,7000,Kalyan,6,0,0,0,1,1,1,0,0,0,0,0,0,0,0
12000000,957,Ghatkopar,2,1,1,1,1,1,1,1,1,1,1,1,0,1,1
65300000,3025,Andheri,4,1,1,1,1,1,1,1,1,1,1,1,0,1,1
38700000,1295,Andheri,3,1,1,1,1,1,1,1,1,0,1,0,1,1,1
22000000,1527,Ghatkopar,3,1,1,1,1,0,1,1,1,0,1,1,0,1,1
17500000,1188,Ghatkopar,2,1,1,1,1,0,1,1,1,0,1,1,0,1,1
62000000,1450,Worli,3,1,1,1,1,1,1,1,0,1,1,1,1,1,1
21000000,620,Andheri,2,0,0,0,1,1,1,0,0,0,0,0,0,0,0
24000000,1000,Andheri,2,0,0,0,1,1,1,0,0,0,0,0,0,0,0
16000000,2115,Dombivali,3,0,1,1,1,0,1,1,1,1,1,1,0,1,1
10000000,1595,Dombivali,2,0,1,1,1,0,1,1,1,1,1,1,0,1,1
10500000,1503,Dombivali,2,0,1,1,1,0,1,1,1,1,1,1,0,1,1
6500000,929,Dombivali,2,0,1,1,1,1,1,1,1,1,1,1,0,1,1
5000000,791,Dombivali,2,0,1,1,1,1,1,1,1,1,1,1,0,1,1
3600000,450,Dombivali,1,0,0,1,1,0,1,0,0,0,1,0,1,0,1
8000000,1375,Thane,3,0,1,0,1,1,1,0,0,0,0,0,0,0,0
35000000,1805,Ghatkopar,3,1,1,1,1,0,1,1,1,1,1,1,0,1,1
15000000,815,Ghatkopar,2,1,1,1,1,0,1,1,1,1,1,1,0,1,1
58500000,3410,Ghatkopar,4,1,1,1,1,0,1,1,1,1,1,1,0,1,0
28600000,1766,Ghatkopar,3,1,1,1,1,0,1,1,1,1,1,0,0,1,0
180000000,2110,Powai,3,0,1,1,1,1,1,1,1,1,1,1,0,0,1
10000000,650,Malad,1,1,1,1,1,0,1,0,0,0,0,0,0,0,0
3900000,1120,Andheri,2,0,1,1,1,1,1,0,0,0,0,0,0,0,0
80000000,3498,Worli,3,0,1,1,1,1,1,1,1,1,1,1,0,1,1
46000000,1150,Worli,2,1,1,1,1,1,1,1,1,1,1,1,0,1,1
105500000,2285,Worli,3,0,1,1,1,1,1,1,1,1,1,1,0,1,1
122500000,3150,Worli,4,0,1,1,1,1,1,1,1,1,1,1,0,1,1
71000000,2580,Worli,3,0,1,1,1,0,1,0,1,1,1,0,0,1,1
29400000,1450,Andheri,3,1,1,1,1,0,1,1,1,0,0,1,0,0,1
22200000,900,Andheri,3,1,0,1,1,0,1,0,0,1,0,0,0,0,0
15300000,1040,Andheri,2,1,1,1,1,0,1,1,1,1,0,0,0,1,1
36500000,2200,Ghatkopar,4,1,0,1,1,0,0,1,1,0,1,0,0,1,1
24500000,1558,Ghatkopar,3,1,0,1,1,0,1,1,1,0,1,0,0,1,1
3600000,700,Dombivali,1,0,0,1,0,0,0,1,1,1,0,0,0,0,0
26500000,1500,Powai,3,0,1,1,1,1,1,1,1,1,1,1,1,1,1
19000000,1155,Powai,2,0,1,1,1,1,1,1,1,1,1,1,1,1,1
25000000,1445,Powai,3,0,1,1,1,1,1,1,1,1,1,1,1,1,1
19000000,1150,Powai,2,0,1,1,1,1,1,1,1,1,1,1,0,1,1
230000000,6900,Worli,5,0,1,1,1,1,1,1,1,1,1,1,1,1,1
33000000,740,Powai,2,1,1,1,0,0,0,1,1,1,1,0,0,0,1
38000000,750,Powai,2,1,1,1,0,0,1,1,1,1,1,1,0,1,1
9500000,595,Powai,1,0,1,1,1,0,1,1,1,1,0,0,1,1,1
9500000,595,Powai,1,0,1,1,1,0,1,0,1,0,0,0,0,1,1
11000000,585,Powai,1,0,1,1,0,0,0,1,1,1,0,0,1,0,1
18000000,980,Powai,2,0,1,1,1,0,1,1,1,1,1,1,1,1,1
26500000,1050,Powai,2,0,1,1,1,1,1,0,1,1,1,0,0,1,1
42000000,2020,Powai,3,0,1,1,0,0,0,1,1,1,1,1,1,1,1
18800000,985,Powai,2,0,1,1,0,0,0,1,1,1,1,1,1,1,1
15500000,840,Powai,2,0,0,1,0,0,0,0,0,0,0,0,1,0,0
16000000,995,Powai,2,0,1,1,1,1,1,1,1,1,1,1,0,1,1
11000000,585,Powai,1,0,1,1,0,0,0,1,1,1,0,0,0,0,1
9000000,578,Powai,1,0,1,1,1,0,1,1,1,1,0,0,0,1,1
16500000,970,Powai,2,0,1,1,1,0,1,1,1,1,1,0,0,1,1
19600000,985,Powai,2,0,1,1,0,0,0,1,1,1,1,1,1,1,1
47000000,2050,Powai,4,1,1,1,1,0,1,1,1,1,1,1,1,1,1
23300000,1250,Powai,2,1,1,1,1,0,1,1,1,1,1,1,1,1,1
20000000,1095,Ambivali,2,0,0,0,0,0,0,0,0,0,0,0,0,0,0
74500000,3582,Worli,3,1,1,1,1,1,1,1,1,1,1,1,1,1,1
71500000,3182,Worli,3,1,1,1,1,1,1,1,1,1,1,1,1,1,1
21000000,910,Powai,2,0,1,1,1,0,1,1,1,1,1,1,0,1,1
19800000,1130,Powai,2,0,1,1,1,0,1,1,1,1,1,1,1,1,1
4500000,600,Dombivali,1,1,1,0,1,0,0,1,1,1,1,1,0,1,1
35000000,1700,Powai,3,0,1,1,1,0,1,1,1,1,0,1,0,1,1
82000000,2044,Worli,3,0,1,0,0,0,1,1,1,1,0,1,0,1,1
18200000,980,Powai,2,1,1,1,0,0,0,1,1,1,0,0,1,0,1
6000000,1000,Dombivali,2,1,1,1,0,0,0,1,1,1,0,0,1,0,1
8016000,809,Dombivali,2,1,1,1,1,0,1,1,1,1,1,1,0,1,1
4043000,408,Dombivali,1,1,1,1,1,0,1,1,1,1,1,1,0,1,1
4498000,454,Dombivali,1,1,1,1,1,0,1,1,1,1,1,1,0,1,1
8294000,834,Dombivali,2,1,1,1,1,0,1,1,1,1,1,1,0,1,1
6242000,630,Dombivali,2,1,1,1,1,0,1,1,1,1,1,1,0,1,1
13899999,750,Powai,1,0,0,0,0,0,0,0,0,0,0,0,0,0,0
4100000,350,Dombivali,1,0,0,1,0,0,1,1,0,1,0,0,1,1,0
12600000,650,Powai,1,0,1,1,1,1,1,1,1,1,1,1,1,1,1
10000000,600,Powai,1,0,1,1,1,0,1,1,1,1,0,0,1,1,1
10000000,585,Powai,1,0,1,1,1,0,1,1,1,1,0,0,1,1,1
46500000,1500,Powai,3,0,1,1,1,0,1,1,1,1,1,1,1,1,1
27000000,1100,Powai,2,0,1,1,1,0,1,0,1,1,1,0,0,1,1
14500000,800,Powai,2,0,0,1,0,0,0,1,0,1,0,0,1,0,0
47000000,1500,Worli,3,1,1,1,0,0,0,1,1,1,0,0,1,0,1
37500000,1200,Worli,2,1,1,1,0,0,0,1,1,1,0,0,1,0,1
26500000,1450,Powai,3,0,1,1,1,0,0,1,1,1,0,0,1,0,1
26900000,1505,Powai,3,0,1,1,0,0,0,1,1,1,0,0,1,0,1
16800000,975,Powai,2,0,1,1,1,0,1,1,1,1,1,0,1,1,1
17500000,978,Powai,2,0,1,1,1,0,1,1,1,1,1,0,1,1,1
16500000,1150,Powai,2,0,1,0,1,0,1,1,1,1,1,1,0,1,1
16500000,1150,Powai,2,0,1,1,1,0,1,1,1,1,1,1,1,1,1
16000000,810,Powai,2,0,1,1,1,1,1,1,1,1,1,0,1,1,1
60000000,2365,Powai,4,0,1,1,1,0,1,1,1,1,1,1,1,1,1
16200000,1100,Powai,2,0,1,1,1,1,1,1,1,1,1,0,1,1,1
40000000,893,Worli,2,1,1,1,0,0,0,1,1,1,0,0,1,0,1
16500000,1000,Powai,2,0,1,1,1,0,1,1,1,1,1,0,1,1,1
26800000,1502,Powai,3,0,1,1,1,0,0,1,1,1,0,0,1,0,1
27000000,1502,Powai,3,0,1,1,1,1,1,1,1,1,1,0,1,0,1
49500000,1092,Worli,3,0,1,1,0,0,0,1,1,1,0,0,1,0,1
4095000,710,Dombivali,1,1,1,1,0,0,0,1,1,1,0,0,0,0,1
4500000,650,Dombivali,1,1,1,1,0,0,0,1,1,1,0,0,1,1,1
4200000,600,Dombivali,1,1,1,1,0,0,0,1,1,1,0,0,1,1,1
26900000,1545,Powai,3,0,1,1,1,1,1,1,1,1,0,1,1,1,1
17500000,910,Powai,2,0,1,1,1,0,1,1,1,1,1,1,1,1,1
18500000,965,Powai,2,0,1,1,1,0,1,1,1,1,1,0,1,1,1
14000000,1050,Powai,2,0,1,1,1,0,1,1,1,1,0,0,1,1,1
2249000,510,Dombivali,1,1,1,1,1,1,1,1,1,1,1,1,1,1,1
19400000,1150,Powai,2,0,1,1,1,0,1,1,1,1,1,1,1,1,1
17400000,885,Powai,2,0,1,1,1,0,1,1,1,1,0,0,1,1,1
11399999,650,Powai,1,0,1,1,0,0,0,1,1,1,1,0,1,0,1
28700000,1600,Powai,3,0,1,1,1,0,1,1,1,1,1,1,1,1,1
19500000,1120,Powai,2,0,1,1,1,1,1,1,1,1,1,1,0,1,1
13500000,500,Powai,1,1,1,1,0,0,0,1,1,1,0,0,1,0,1
4100000,670,Dombivali,1,1,1,1,1,1,1,1,1,1,1,1,0,1,1
72500000,3700,Worli,3,0,1,1,1,1,1,1,1,1,1,1,1,1,1
6800000,1098,Dombivali,2,0,1,1,1,0,1,1,1,1,1,1,0,1,1
8000000,1098,Dombivali,1,0,1,1,1,0,0,1,1,1,0,0,0,0,1
18500000,1100,Powai,2,0,1,1,1,1,1,1,1,1,1,1,1,0,1
6300000,1131,Dombivali,3,1,0,1,0,0,0,0,1,0,1,0,0,0,0
10500000,660,Powai,1,0,0,0,0,0,0,1,0,0,1,0,0,0,0
19500000,1150,Powai,2,0,0,1,0,0,0,1,1,1,0,0,1,0,0
45000000,2100,Powai,3,0,1,1,0,0,0,1,1,1,1,0,1,0,1
10500000,700,Powai,1,0,0,1,0,0,0,0,0,1,0,0,0,0,0
5000000,225,Powai,1,0,0,0,0,0,0,0,0,0,0,0,0,0,0
4785000,870,Dombivali,2,1,1,1,0,0,1,1,0,0,1,1,0,1,1
3663000,666,Dombivali,1,1,1,1,0,0,1,1,0,0,1,1,0,1,1
5555000,1010,Dombivali,3,1,1,1,0,0,1,1,0,0,1,1,0,1,1
21700000,651,Powai,2,1,1,1,1,0,1,1,1,1,1,1,0,1,1
33100000,928,Powai,3,1,1,1,1,0,1,1,1,1,1,1,0,1,1
21800000,642,Powai,2,1,1,1,1,0,1,1,1,1,1,1,0,1,1
25400000,735,Powai,2,1,1,1,1,0,1,1,1,1,1,1,0,1,1
25600000,788,Powai,2,1,1,1,1,0,1,1,1,1,1,1,0,1,1
37800000,1094,Powai,3,1,1,1,1,0,1,1,1,1,1,1,0,1,1
35100000,1020,Powai,3,1,1,1,1,0,1,1,1,1,1,1,0,1,1
32100000,928,Powai,3,1,1,1,1,0,1,1,1,1,1,1,0,1,1
26500000,772,Powai,2,1,1,1,1,0,1,1,1,1,1,1,0,1,1
54200000,1613,Powai,4,1,1,1,1,0,1,1,1,1,1,1,0,1,1
34600000,1023,Powai,3,1,1,1,1,0,1,1,1,1,1,1,0,1,1
33400000,997,Powai,3,1,1,1,1,0,1,1,1,1,1,1,0,1,1
22200000,645,Powai,2,1,1,1,1,0,1,1,1,1,1,1,0,1,1
27300000,733,Powai,2,1,1,1,1,0,1,1,1,1,1,1,0,1,1
27900000,744,Powai,2,1,1,1,1,0,1,1,1,1,1,1,0,1,1
36900000,970,Powai,3,1,1,1,1,0,1,1,1,1,1,1,0,1,1
16500000,950,Powai,2,0,1,1,1,0,1,1,1,1,0,1,1,1,1
17500000,1100,Powai,2,0,1,1,1,0,1,1,1,1,1,1,0,1,1
19000000,1290,Powai,1,0,1,1,1,0,0,1,1,1,0,0,1,1,1
18500000,970,Powai,2,0,1,1,1,0,1,1,1,1,1,0,1,1,1
21000000,1135,Powai,2,0,1,1,1,0,0,1,1,1,0,0,1,0,1
16800000,1135,Powai,2,0,1,1,1,0,1,1,1,1,1,0,1,1,1
5000000,750,Dombivali,2,0,1,1,1,1,1,1,1,1,1,1,1,1,1
22000000,885,Powai,2,0,1,1,1,0,1,1,1,1,0,0,1,1,1
15000000,630,Powai,1,0,1,1,0,0,0,1,1,1,1,0,1,0,1
15500000,915,Powai,2,0,1,1,1,0,1,1,1,1,0,1,1,1,1
19000000,770,Powai,2,0,1,1,0,0,0,1,1,1,0,0,1,0,1
20000000,1070,Powai,2,0,1,1,0,0,0,1,1,1,0,0,1,0,1
21500000,1198,Powai,2,0,1,1,1,0,1,1,1,1,1,1,1,1,1
12000000,600,Powai,1,0,1,1,0,0,0,1,1,1,0,0,1,0,1
16000000,1150,Powai,2,0,1,1,1,0,1,1,1,1,1,1,0,1,1
28500000,940,Powai,2,0,1,1,1,1,1,1,1,1,0,1,0,1,1
27500000,1045,Powai,2,0,1,1,1,0,1,0,1,1,1,0,0,1,1
24000000,1444,Powai,3,0,1,1,1,0,1,1,1,1,1,1,1,1,1
13000000,600,Powai,1,0,1,1,0,0,0,1,1,1,0,0,1,0,1
15000000,870,Powai,2,0,1,1,1,0,1,1,1,1,0,0,1,1,1
24000000,1350,Powai,3,0,1,1,1,0,1,1,1,1,1,1,1,1,1
28500000,1050,Powai,2,0,1,1,1,1,1,1,1,1,1,1,1,1,1
31500000,1750,Powai,3,0,1,1,1,0,1,1,1,1,0,0,1,1,1
26500000,1060,Powai,2,0,1,1,1,0,0,1,1,1,1,0,1,0,1
10000000,602,Powai,1,0,1,1,1,0,0,1,1,1,0,0,1,0,1
18500000,1150,Powai,2,0,1,1,1,0,1,1,1,1,1,1,1,1,1
19100000,1050,Powai,2,0,1,1,1,0,1,1,1,1,0,0,1,1,1
12500000,600,Powai,1,0,1,1,0,0,0,1,1,1,0,0,1,0,1
14500000,900,Powai,2,0,1,1,1,0,0,1,1,1,0,0,1,0,1
18500000,1100,Powai,2,0,1,1,1,0,1,1,1,1,1,0,1,1,1
20000000,1250,Powai,2,0,1,1,1,0,1,1,1,1,1,0,1,1,1
29000000,1150,Powai,2,0,1,1,1,1,1,1,1,1,1,1,1,1,1
9800000,555,Powai,1,0,1,1,1,1,1,1,1,1,0,0,1,1,1
14200000,1100,Powai,2,0,1,1,0,0,1,1,1,1,0,0,1,1,1
18500000,1155,Powai,2,0,1,1,0,0,0,1,1,1,0,0,1,0,1
10500000,585,Powai,1,0,1,0,0,0,0,1,0,0,1,0,0,0,1
20000000,1120,Powai,2,0,1,1,1,1,1,1,1,1,1,0,1,0,1
13500000,650,Powai,1,0,1,1,1,0,1,1,1,1,0,0,1,1,1
17500000,1000,Powai,1,0,1,1,0,0,0,1,1,1,0,0,1,0,1
23500000,1300,Powai,3,0,1,1,0,0,0,1,1,1,0,0,1,0,1
20000000,1070,Powai,2,0,1,1,1,0,1,1,1,1,1,0,1,1,1
20000000,1000,Powai,2,0,1,1,0,0,0,1,1,1,0,0,1,0,1
26000000,980,Powai,2,0,1,1,0,0,0,1,1,1,0,0,1,0,1
22000000,985,Powai,2,0,1,1,0,0,0,1,1,1,0,0,1,0,1
9500000,600,Powai,1,0,1,1,1,1,1,1,1,1,0,0,0,1,1
17000000,1000,Powai,1,0,1,1,0,0,0,1,1,1,0,0,1,0,1
28500000,1150,Powai,2,0,1,1,1,1,1,1,1,1,1,0,1,1,1
21000000,1198,Powai,2,0,1,1,1,0,1,1,1,1,1,1,0,1,1
14000000,1100,Powai,2,0,1,1,0,0,0,1,1,1,0,0,1,0,1
27500000,916,Powai,2,0,1,1,1,1,1,1,1,1,0,1,1,1,1
6800000,1120,Dombivali,3,0,1,1,1,0,1,1,1,1,0,0,0,1,1
32500000,1545,Powai,2,0,1,1,1,0,1,1,1,1,1,1,1,1,1
25000000,1350,Powai,3,0,1,1,0,0,0,1,1,1,0,0,1,0,1
4837000,774,Dombivali,1,1,1,1,1,0,0,1,1,0,0,0,0,0,1
6187000,990,Dombivali,2,1,1,1,1,0,0,1,1,0,0,0,0,0,1
8212000,1314,Dombivali,3,1,1,1,1,0,0,1,1,0,0,0,0,0,1
6637000,1062,Dombivali,2,1,1,1,1,0,0,1,1,0,0,0,0,0,1
7481000,1197,Dombivali,3,1,1,1,1,0,0,1,1,0,0,0,0,0,1
6862000,1098,Dombivali,2,1,1,1,1,0,0,1,1,0,0,0,0,0,1
4556000,729,Dombivali,1,1,1,1,1,0,0,1,1,0,0,0,0,0,1
2500000,310,Powai,1,0,0,1,0,0,0,0,0,0,0,0,0,0,0
17300000,970,Powai,2,0,1,1,1,0,1,1,1,1,1,0,1,1,1
11100000,602,Powai,1,0,1,1,1,0,0,1,1,1,0,0,1,0,1
15500000,910,Powai,2,0,1,1,1,0,0,1,1,1,0,0,1,0,1
3325000,665,Dombivali,1,1,1,1,0,0,0,1,1,0,1,0,1,1,0
3325000,665,Dombivali,1,1,1,1,1,0,0,1,1,0,0,0,1,1,0
23500000,1444,Powai,2,0,1,1,1,0,1,1,1,1,1,1,1,1,1
27500000,1545,Powai,3,0,1,1,1,1,1,1,1,1,0,1,1,1,1
6542000,1150,Dombivali,2,1,1,1,1,1,1,1,1,1,1,1,0,1,1
4475000,700,Dombivali,1,1,1,1,1,1,1,1,1,1,1,1,0,1,1
4396000,774,Dombivali,1,1,1,1,1,1,1,1,1,1,1,1,0,1,1
2700000,315,Dombivali,1,1,0,1,0,0,0,1,1,1,0,0,0,0,1
58500000,2500,Powai,4,1,1,1,0,0,0,1,1,1,0,0,1,0,1
40300000,1750,Powai,3,1,1,1,0,0,0,1,1,1,0,0,1,0,1
39000000,1340,Powai,3,0,1,1,1,1,1,0,1,1,1,0,0,1,1
18200000,970,Powai,2,0,1,1,1,1,1,1,1,1,1,1,1,1,1
16000000,970,Powai,2,0,1,1,1,0,1,1,1,1,1,0,1,1,1
16200000,810,Powai,2,0,1,1,1,1,1,1,1,1,1,0,1,1,1
25000000,1313,Powai,3,0,1,1,1,0,1,1,1,1,1,1,1,1,1
3300000,637,Dombivali,1,0,1,1,1,1,1,1,1,1,1,1,0,1,1
4200000,455,Dombivali,1,1,0,0,0,0,0,0,0,0,0,0,0,0,0
